Description,Amount,Date
Invoice Google #8472,92.71,2024-03-05
ACH Transfer BestBuy #1873,1775.07,2024-01-28
Invoice Shell #9482,561.16,2024-03-25
Transfer Apple #5802,1144.17,2024-03-20
Refund BestBuy #3219,1316.75,2024-01-09
Deposit Walmart #6804,367.82,2024-01-17
Transfer Uber #9133,1686.11,2024-01-02
Invoice Amazon #8706,138.47,2024-03-09
Transfer Starbucks #8457,804.13,2024-03-29
Refund Walmart #6071,514.42,2024-02-13
Invoice Amazon #8934,27.36,2024-02-06
Invoice Costco #2794,13.84,2024-02-25
Payment Netflix #2617,1324.67,2024-01-29
Transfer Costco #3585,1638.52,2024-01-15
ACH Transfer BestBuy #6852,1929.46,2024-03-03
Transfer Starbucks #7368,119.08,2024-03-18
Payment Google #3273,1743.58,2024-01-17
ACH Transfer Amazon #2605,960.76,2024-02-21
Invoice Apple #4462,1681.84,2024-01-30
ACH Transfer Costco #2897,1155.66,2024-01-25
Withdrawal Google #1626,99.26,2024-02-12
ACH Transfer Costco #8550,861.73,2024-02-19
ACH Transfer Google #8682,135.51,2024-01-21
Deposit Uber #4471,2006.39,2024-03-24
Invoice BestBuy #9187,1629.25,2024-03-17
Invoice Uber #3647,1501.95,2024-03-27
Invoice Amazon #3498,291.22,2024-02-24
Payment Apple #4447,842.32,2024-02-27
Deposit Apple #6714,413.36,2024-03-04
Withdrawal Google #1564,280.86,2024-03-09
Deposit Uber #4356,488.39,2024-02-08
ACH Transfer Google #7676,386.05,2024-03-29
ACH Transfer Netflix #5186,1540.66,2024-03-23
Deposit Netflix #7877,701.93,2024-02-03
Invoice Uber #3877,318.56,2024-02-26
ACH Transfer Shell #2325,1860.42,2024-03-06
Invoice Amazon #2832,1981.25,2024-02-13
Transfer Netflix #8479,953.16,2024-02-08
Transfer Costco #4140,467.5,2024-01-14
Withdrawal Uber #1724,941.31,2024-03-14
Transfer Shell #2930,983.83,2024-03-26
Invoice Uber #3345,504.24,2024-01-04
Invoice Shell #8324,937.43,2024-02-28
Deposit Walmart #5727,264.35,2024-01-14
Invoice Shell #5759,1608.14,2024-03-15
Transfer BestBuy #1794,1255.27,2024-02-28
Transfer Costco #1284,901.28,2024-01-07
Deposit BestBuy #5222,1354.27,2024-02-03
Payment Apple #9263,581.01,2024-02-24
Transfer Netflix #5028,1945.04,2024-03-24
ACH Transfer BestBuy #4558,893.16,2024-01-07
Transfer Starbucks #4758,1741.04,2024-01-19
ACH Transfer Apple #9356,435.94,2024-02-04
Withdrawal BestBuy #2223,790.75,2024-01-05
ACH Transfer Uber #9885,1401.08,2024-03-06
Invoice Amazon #6164,565.24,2024-02-17
Deposit Walmart #3045,827.72,2024-01-30
Withdrawal BestBuy #9046,1611.44,2024-03-02
Transfer Costco #6846,614.4,2024-01-18
Deposit Costco #4546,1443.63,2024-01-12
Refund Google #5386,1016.61,2024-01-22
Refund BestBuy #1249,1510.09,2024-02-15
ACH Transfer Netflix #5929,1214.92,2024-03-04
ACH Transfer Costco #8090,1086.89,2024-02-13
Withdrawal Walmart #2490,295.94,2024-02-27
Refund Apple #8001,179.44,2024-01-03
ACH Transfer Amazon #9996,1275.43,2024-02-27
ACH Transfer Apple #4826,1113.76,2024-02-28
Invoice Netflix #9948,1064.4,2024-03-19
Invoice Shell #3370,1524.29,2024-02-21
Invoice Walmart #4910,1031.65,2024-03-24
Invoice Uber #7925,1286.53,2024-02-25
Refund Shell #6778,1132.34,2024-02-11
Withdrawal Walmart #1853,661.44,2024-03-29
ACH Transfer Google #2973,1474.74,2024-02-28
Invoice Starbucks #1447,997.46,2024-03-04
Invoice Google #3972,1854.16,2024-03-25
Transfer Shell #7657,231.58,2024-03-15
Pmt Google #2600,296.85,2024-01-29
Deposit Amazon #5167,1116.49,2024-01-20
Transfer Uber #9387,519.09,2024-02-14
Deposit BestBuy #9929,253.23,2024-03-08
Deposit Costco #8903,1666.74,2024-01-15
Deposit Costco #4532,835.56,2024-02-19
ACH Transfer Google #2452,159.04,2024-02-13
Deposit Amazon #8597,1609.05,2024-02-23
Transfer Costco #8921,933.51,2024-02-25
ACH Transfer Uber #1337,106.54,2024-02-16
Payment BestBuy #4967,1814.17,2024-02-10
Deposit Google #6175,1056.54,2024-02-03
Refund Apple #8920,1604.55,2024-02-04
Invoice Apple #6745,633.8,2024-02-19
Refund BestBuy #6288,1666.22,2024-02-28
Deposit Costco #8179,117.82,2024-02-03
Refund Google #8831,1740.36,2024-02-02
Refund BestBuy #1308,1702.8,2024-02-08
Invoice Netflix #7781,213.95,2024-01-12
Transfer Netflix #4817,1039.51,2024-01-30
Invoice Apple #5732,1425.4,2024-02-01
Refund Costco #9840,1929.88,2024-02-10
Invoice Walmart #4497,313.58,2024-02-07
Withdrawal Apple #1155,1005.17,2024-01-14
Deposit Starbucks #3791,643.33,2024-02-25
Deposit Uber #9078,1674.9,2024-03-26
Transfer Google #2176,689.17,2024-01-23
Refund Google #9286,527.22,2024-03-24
Payment Walmart #3821,556.04,2024-03-10
Pmt Shell #1670,260.4,2023-12-31
Withdrawal Costco #2143,1636.71,2024-03-24
Deposit BestBuy #8554,1677.52,2024-02-08
Deposit Walmart #8458,723.64,2024-01-22
Deposit BestBuy #3164,1060.95,2024-03-27
Refund Walmart #5010,1450.97,2024-03-09
Transfer Costco #9728,949.24,2024-02-18
Deposit Uber #1514,1068.73,2024-03-30
Invoice Apple #1068,1096.33,2024-01-23
Deposit Starbucks #5617,165.68,2024-03-16
Refund BestBuy #2877,1114.8,2024-01-09
Refund Walmart #9927,226.72,2024-02-01
ACH Transfer Apple #9584,1482.14,2024-01-30
Withdrawal Walmart #5456,1642.54,2024-01-24
Invoice Walmart #1060,1720.3,2024-02-23
Transfer Shell #5533,1747.86,2024-01-20
Withdrawal Amazon #6318,1707.14,2024-01-17
Refund Uber #4019,1465.82,2024-02-09
Pmt Uber #2452,1174.89,2024-03-17
Transfer Google #7601,595.21,2024-01-17
Payment Uber #6122,1101.89,2024-01-14
Refund Costco #3040,590.57,2024-01-10
Refund Google #9621,1280.71,2024-03-05
Payment Starbucks #2298,1033.03,2024-01-29
Transfer BestBuy #9843,1231.88,2024-02-02
Refund Google #7368,1217.86,2024-01-04
Transfer Walmart #2035,272.71,2024-01-25
Withdrawal Google #6153,1123.01,2024-03-25
Withdrawal Costco #7469,769.68,2024-03-17
Deposit Starbucks #4199,1219.7,2024-01-07
Withdrawal Netflix #4875,911.08,2024-02-11
ACH Transfer Google #7756,1203.92,2024-01-13
Transfer BestBuy #7697,40.65,2024-02-09
Deposit Google #3378,325.68,2024-01-08
Pmt Uber #7599,1545.02,2024-03-17
Withdrawal Walmart #7814,862.09,2024-02-16
Withdrawal Google #5950,160.39,2024-01-18
Pmt Google #3769,155.61,2024-02-06
Deposit Google #4976,402.88,2024-01-24
ACH Transfer Amazon #2772,1472.92,2024-03-01
Refund Costco #4789,1455.28,2024-01-19
Payment Netflix #7364,1131.05,2024-02-26
Withdrawal Google #6914,792.52,2024-01-03
Invoice Amazon #8772,649.71,2024-03-30
Invoice Google #2385,352.82,2024-02-07
Invoice Costco #3391,260.96,2024-01-02
Invoice Amazon #7423,44.2,2024-01-26
Refund Uber #6461,543.09,2024-01-15
ACH Transfer Netflix #2193,1154.12,2024-02-16
Withdrawal Amazon #4861,1324.61,2024-01-17
Withdrawal Apple #8017,152.97,2024-03-19
Invoice Starbucks #4507,1743.12,2024-03-21
Pmt Apple #4589,753.7,2024-01-26
Refund BestBuy #3868,1726.13,2024-01-26
Pmt Shell #6382,308.52,2024-02-05
Refund Shell #2280,862.31,2024-01-06
Transfer Costco #7390,416.8,2024-01-06
Deposit Costco #4285,1367.43,2024-02-07
Withdrawal Walmart #5872,1189.34,2024-01-08
Withdrawal Starbucks #1315,780.73,2024-03-02
Transfer Shell #5259,775.73,2024-01-15
Refund Starbucks #8164,1052.99,2024-01-14
Deposit Shell #1253,581.56,2024-01-20
Withdrawal Costco #5880,422.67,2024-01-31
Deposit Amazon #8999,957.82,2024-01-19
Withdrawal Costco #4567,137.64,2024-01-30
Invoice Uber #3552,1940.83,2024-03-03
ACH Transfer Apple #7335,655.78,2024-03-04
Payment Netflix #4550,1145.73,2024-01-31
Transfer Apple #5806,570.79,2024-02-11
Invoice BestBuy #3477,728.51,2024-02-10
Deposit Amazon #4061,700.63,2024-01-31
ACH Transfer Google #8953,1376.79,2024-03-08
Invoice Google #4378,949.31,2024-01-13
Withdrawal Amazon #2764,1300.02,2024-03-03
Withdrawal Amazon #5271,49.6,2024-03-15
Deposit Shell #8643,921.46,2024-02-02
Pmt Apple #8048,1322.92,2024-03-10
Refund Google #3067,606.0,2024-01-29
Payment Apple #4656,1664.56,2024-02-08
Withdrawal Walmart #2433,192.08,2024-03-14
Withdrawal BestBuy #8794,1445.19,2024-01-21
ACH Transfer Costco #9822,835.54,2024-03-06
Transfer Walmart #9320,1778.22,2024-02-20
Invoice Amazon #4658,476.58,2024-01-16
Deposit Starbucks #3300,857.94,2024-01-24
Deposit Google #2430,1025.65,2024-02-16
Refund Shell #3416,487.43,2024-02-09
Withdrawal Costco #1460,782.73,2024-02-17
ACH Transfer Costco #8801,480.36,2024-01-20
Withdrawal Uber #4892,525.15,2024-03-16
Transfer Starbucks #7017,1667.06,2024-01-27
Transfer Costco #7351,514.56,2024-01-27
Withdrawal Netflix #9270,1772.27,2024-02-13
Invoice Uber #8710,1176.81,2024-02-02
Refund Starbucks #1927,1291.9,2024-02-22
Refund Uber #6108,917.19,2024-02-28
Withdrawal Starbucks #6810,1764.04,2024-03-30
Refund Amazon #3156,1904.71,2024-03-28
Deposit Uber #1816,1807.32,2024-02-13
Payment Uber #8018,459.4,2024-01-28
Transfer Google #6054,1489.17,2024-01-12
Transfer Google #6730,501.63,2024-02-04
Refund Apple #9591,1178.82,2024-03-19
ACH Transfer Shell #5031,1471.85,2024-01-21
Transfer Starbucks #1427,743.77,2024-01-25
Pmt Google #6336,1644.23,2024-02-05
Invoice Amazon #2595,833.35,2024-02-01
Deposit Amazon #1367,1261.05,2024-02-01
Invoice Netflix #4197,1524.85,2024-02-07
Invoice Walmart #6750,1142.86,2024-01-18
Withdrawal Google #3537,100.17,2024-03-08
Refund Amazon #3430,505.38,2024-03-06
Invoice Amazon #7020,631.23,2024-02-08
ACH Transfer Shell #8245,209.83,2024-03-03
Transfer BestBuy #4503,1084.15,2024-02-19
Refund Apple #7457,694.97,2024-03-29
ACH Transfer Starbucks #3490,222.87,2024-03-18
ACH Transfer Uber #8712,624.57,2024-01-25
Deposit Netflix #9442,550.12,2024-03-27
Invoice Netflix #3431,904.72,2024-01-08
Payment BestBuy #4442,1026.11,2024-01-31
Withdrawal BestBuy #2394,1516.25,2024-03-30
Invoice Google #2575,969.44,2024-03-06
Invoice Costco #8738,1276.28,2024-02-24
Deposit Walmart #8728,584.57,2024-01-25
ACH Transfer Google #2510,250.12,2024-03-04
Refund Starbucks #6118,306.58,2024-01-18
Refund Starbucks #7979,69.68,2024-02-19
Deposit Google #7239,160.97,2024-02-02
Refund Google #4047,1434.6,2024-03-19
ACH Transfer Starbucks #4241,1433.33,2024-02-01
Pmt Walmart #5096,1795.81,2024-03-19
Refund Shell #8115,1113.23,2024-01-18
Withdrawal Google #2957,117.57,2024-02-17
Refund Starbucks #7095,178.48,2024-01-14
Refund Apple #5093,1685.15,2024-02-10
Payment Netflix #4887,671.29,2024-01-09
Payment Starbucks #4709,303.29,2024-01-03
Invoice Costco #3974,846.92,2024-02-12
Pmt BestBuy #6033,1271.93,2024-01-09
Transfer Shell #1417,1767.34,2024-01-30
Transfer Uber #3304,365.22,2024-03-27
Payment Walmart #2898,1236.89,2024-03-02
Invoice Apple #2902,1911.15,2024-03-09
ACH Transfer Amazon #8933,1822.74,2024-01-17
Invoice Netflix #6340,151.71,2024-01-10
Invoice Netflix #8711,180.81,2024-01-19
Pmt BestBuy #6527,52.65,2024-02-02
Invoice Apple #8355,1588.6,2024-03-19
ACH Transfer Costco #7765,1756.24,2024-01-11
Refund Apple #2251,248.34,2024-03-21
ACH Transfer Google #4704,373.17,2024-01-13
Pmt Amazon #5574,697.54,2024-01-28
Pmt Netflix #6968,1796.47,2024-02-05
Refund BestBuy #6593,1187.08,2024-03-24
Refund Amazon #3824,1050.73,2024-02-03
Transfer Costco #7343,660.01,2024-01-17
Deposit Netflix #6332,1776.05,2024-01-19
Invoice Netflix #1988,1525.27,2024-01-02
Payment BestBuy #5566,1571.32,2024-01-15
Invoice Costco #6338,1199.58,2024-03-18
Transfer Google #9078,1967.17,2024-03-21
Transfer Starbucks #4861,1185.39,2024-01-18
Transfer Amazon #1852,670.0,2024-01-28
Deposit Apple #6441,368.55,2024-02-07
Withdrawal Uber #7683,1716.7,2024-01-24
Transfer Amazon #2001,212.58,2024-02-02
Deposit Google #4031,1047.07,2024-02-05
Invoice Netflix #4736,892.1,2024-02-29
Refund Uber #2873,695.65,2024-03-06
Deposit Shell #6168,153.51,2024-01-18
Transfer Google #1903,64.46,2024-03-18
Transfer Uber #9575,1701.47,2024-02-07
Transfer Costco #1043,844.33,2024-02-26
Withdrawal Amazon #2737,1089.9,2024-03-14
Invoice Netflix #6527,370.02,2024-03-26
Payment Costco #5796,970.01,2024-03-29
Withdrawal Costco #2287,1300.08,2024-03-06
Transfer Apple #3066,1859.14,2024-01-14
Invoice Apple #4310,358.76,2024-02-26
Refund Uber #7370,975.55,2024-03-31
Transfer Google #5787,293.89,2024-01-26
Payment Costco #2779,1309.59,2024-03-17
Refund Google #2866,604.12,2024-03-07
Refund BestBuy #1689,346.86,2024-03-18
Payment Uber #6355,104.43,2024-03-14
Transfer Shell #2862,1055.83,2024-03-14
Pmt Walmart #9365,487.64,2024-03-18
Deposit BestBuy #4693,1465.97,2024-01-28
Payment Starbucks #3554,1426.25,2024-03-30
ACH Transfer Netflix #7311,94.28,2024-01-17
Invoice Starbucks #6235,1707.06,2024-01-12
Deposit Amazon #8904,686.66,2024-03-10
Deposit Uber #7109,1471.71,2024-01-25
Withdrawal Google #6686,211.88,2024-03-28
ACH Transfer Walmart #1882,317.78,2024-03-05
Payment Uber #2215,1857.03,2024-02-28
Refund Walmart #3126,48.08,2024-02-22
ACH Transfer Google #2583,431.43,2024-01-19
Deposit Netflix #5405,1164.24,2024-01-24
Deposit Starbucks #5294,78.31,2024-02-07
Payment Starbucks #1953,321.08,2024-01-27
Refund BestBuy #9450,1418.09,2024-01-18
Withdrawal Apple #8362,415.12,2024-01-24
Withdrawal Apple #2362,1780.23,2024-02-24
Refund Starbucks #4923,1113.36,2024-01-02
Transfer Netflix #5810,122.47,2024-01-18
Deposit Netflix #8171,1815.79,2024-03-30
ACH Transfer Starbucks #1042,817.68,2024-03-27
Withdrawal Starbucks #8635,498.83,2024-02-23
ACH Transfer BestBuy #8556,129.5,2024-02-26
Invoice Shell #6509,249.88,2024-02-27
Deposit Netflix #6077,1187.16,2024-03-02
Invoice Netflix #2985,595.57,2024-03-12
ACH Transfer Netflix #9658,334.14,2024-02-23
Refund BestBuy #3480,242.62,2024-02-15
ACH Transfer Starbucks #6600,1929.26,2024-01-04
Payment Walmart #1296,232.46,2024-02-27
ACH Transfer BestBuy #2786,954.16,2024-03-29
Refund Starbucks #6215,698.77,2024-02-04
Refund Costco #5607,1864.9,2024-01-03
Withdrawal Apple #1880,376.13,2024-01-09
Withdrawal BestBuy #1262,1779.39,2024-01-31
Deposit Uber #1555,146.21,2024-01-30
Invoice Google #6517,951.6,2024-01-27
Invoice Netflix #9687,1404.8,2024-01-30
Deposit Walmart #5976,978.27,2024-02-20
Transfer Netflix #4321,1853.11,2024-02-03
Withdrawal Starbucks #9310,541.58,2024-03-31
ACH Transfer Google #1462,477.1,2024-03-07
Transfer Amazon #6674,1457.49,2024-01-02
Refund Costco #2135,172.08,2024-03-14
Withdrawal Netflix #9852,27.71,2024-01-21
Invoice Netflix #1683,746.38,2024-02-07
Payment Apple #3057,1857.88,2024-01-16
Invoice Netflix #8541,938.83,2024-02-04
Refund Uber #8684,338.27,2024-02-03
Deposit Walmart #9461,1317.4,2024-01-23
Withdrawal Uber #4519,1498.35,2024-01-26
ACH Transfer Amazon #4584,671.75,2024-01-11
Withdrawal BestBuy #5330,1979.13,2024-03-04
Deposit Uber #3538,1565.4,2024-02-25
Deposit Starbucks #5550,1904.92,2024-01-12
Invoice Netflix #3022,1879.77,2024-02-16
Withdrawal Google #9995,528.12,2024-02-05
Invoice Walmart #3320,382.53,2024-03-06
Transfer BestBuy #7693,1303.28,2024-02-16
Refund Shell #8924,1160.0,2024-03-03
Refund Shell #6972,1187.51,2024-01-25
Refund Walmart #9871,1126.04,2024-01-09
ACH Transfer Apple #2500,1108.86,2024-01-03
Withdrawal Amazon #3328,576.96,2024-01-30
Payment Amazon #5311,1739.86,2024-03-11
Withdrawal Walmart #3495,609.42,2024-01-02
Transfer Uber #6459,1901.61,2024-01-22
Invoice Starbucks #8825,774.33,2024-03-09
Invoice Costco #5395,1503.62,2024-02-20
ACH Transfer Netflix #4833,829.97,2024-02-21
Withdrawal Google #9917,1648.97,2023-12-31
Refund Netflix #9989,1089.3,2024-02-01
Pmt Costco #7685,930.78,2024-01-13
Deposit Uber #4667,427.69,2024-02-15
Refund Netflix #7578,111.21,2024-02-27
Deposit Shell #9493,575.64,2024-03-17
Invoice Walmart #5302,1600.75,2024-03-10
Transfer Shell #6246,1038.82,2024-01-18
ACH Transfer Apple #4598,1221.4,2024-01-12
Invoice Amazon #7836,1051.58,2024-01-29
Withdrawal Costco #5622,1648.42,2024-01-21
Invoice Starbucks #6921,1863.83,2024-03-28
ACH Transfer Apple #5023,830.83,2024-03-08
Deposit Uber #4806,1808.29,2024-03-24
Withdrawal Starbucks #7902,1970.33,2024-02-02
Deposit Uber #8509,1932.41,2024-03-10
Withdrawal Amazon #2510,478.34,2024-01-03
Refund Netflix #1349,1721.2,2024-03-19
Refund Uber #3555,1943.64,2024-03-24
Deposit BestBuy #6733,1148.67,2024-01-20
Deposit Amazon #1619,1199.68,2024-03-01
Deposit Starbucks #9102,234.25,2024-01-02
Transfer Amazon #1821,1956.98,2024-02-05
Transfer Walmart #3935,1181.03,2024-02-26
ACH Transfer Walmart #5743,518.61,2024-03-16
Invoice BestBuy #7640,1478.68,2024-02-04
Transfer Amazon #1341,1522.48,2024-03-11
Transfer Netflix #3735,277.53,2024-03-23
Deposit Shell #2041,1255.68,2024-01-27
Deposit Costco #4888,1972.05,2024-02-12
Refund Starbucks #2065,427.14,2024-01-30
Transfer Shell #5150,1654.42,2024-01-04
Refund Shell #6077,1157.58,2024-01-12
Deposit Netflix #4687,590.53,2024-01-30
Transfer BestBuy #1414,968.13,2024-02-01
Withdrawal Costco #8687,1601.45,2024-02-12
Withdrawal Costco #2756,1023.03,2024-03-03
Transfer Netflix #8818,24.46,2024-03-22
ACH Transfer Shell #1969,1638.77,2024-01-17
ACH Transfer Google #3412,1814.41,2024-03-06
Invoice Google #4202,256.09,2024-03-19
ACH Transfer Amazon #8051,1828.26,2024-02-20
Deposit Uber #7744,411.98,2024-01-14
Invoice Starbucks #8011,1358.4,2024-03-12
ACH Transfer Shell #1870,233.0,2024-03-22
Pmt Shell #9639,1293.84,2024-01-17
Withdrawal BestBuy #4449,957.81,2024-02-28
Transfer Walmart #6189,845.0,2024-01-02
Refund Costco #1432,1771.63,2024-02-23
Payment Netflix #2986,1397.25,2024-01-27
ACH Transfer Netflix #7941,1345.33,2024-03-20
ACH Transfer Netflix #9087,1701.34,2024-02-11
Deposit BestBuy #9437,580.34,2024-02-11
Refund Google #1350,749.23,2024-03-14
Payment Apple #4837,1306.88,2024-03-22
Invoice Shell #4223,614.78,2024-01-04
Pmt Costco #9997,682.47,2024-01-23
ACH Transfer BestBuy #7634,664.5,2024-01-05
Transfer Walmart #3309,1645.78,2024-01-28
Refund Apple #3375,581.93,2024-03-11
Transfer BestBuy #7918,717.75,2024-02-17
Deposit Uber #9377,1031.48,2024-03-28
Refund Walmart #2513,1112.99,2024-03-11
Invoice Walmart #2658,418.99,2024-01-12
ACH Transfer Netflix #2440,1638.18,2024-03-18
Refund Walmart #2883,1085.95,2024-03-07
Withdrawal Amazon #4039,588.83,2024-01-01
Pmt Costco #7583,1328.39,2024-03-16
Refund BestBuy #3156,1077.18,2024-02-28
Invoice Shell #9972,45.84,2024-03-16
Refund Netflix #8395,528.69,2024-02-15
Transfer Shell #2902,1735.01,2024-03-06
Invoice Costco #2898,49.22,2024-02-07
Pmt Shell #4001,1011.44,2024-01-08
Transfer Google #7837,1433.77,2024-02-07
Refund Costco #4302,304.96,2024-01-16
Transfer Uber #1497,1847.19,2024-02-05
Withdrawal Amazon #6121,77.46,2024-01-17
Invoice Uber #6866,1752.35,2024-01-16
ACH Transfer BestBuy #8111,1002.45,2024-03-11
Deposit Amazon #3370,1749.79,2024-01-15
Transfer Apple #4162,1558.05,2024-01-27
Invoice Starbucks #2298,930.59,2024-01-18
Refund Uber #5534,548.7,2024-02-18
Withdrawal Netflix #1340,1108.46,2024-02-10
Payment Apple #7839,534.21,2024-01-16
Withdrawal Apple #3276,851.98,2024-02-07
Deposit Walmart #6505,211.85,2024-03-19
Pmt Uber #8180,1791.95,2024-01-22
Deposit Apple #4378,1271.18,2024-02-22
Pmt Walmart #5329,1827.97,2024-03-09
Deposit Walmart #8554,197.94,2024-01-02
Withdrawal Starbucks #6620,1124.22,2024-01-21
ACH Transfer Google #8296,1742.97,2024-03-28
Pmt Apple #7094,62.26,2024-03-07
ACH Transfer Uber #3245,1714.32,2024-03-07
Invoice Uber #2437,1248.64,2024-01-31
Refund Costco #6318,1455.47,2024-03-07
Pmt Uber #9702,1932.54,2024-03-18
ACH Transfer Google #4575,484.76,2024-01-30
Withdrawal Google #5051,805.09,2024-03-11
Payment Starbucks #3557,1634.82,2024-01-29
Invoice Costco #3080,1251.95,2024-02-17
Withdrawal BestBuy #9187,164.87,2024-03-07
ACH Transfer Costco #1889,794.02,2024-02-20
Refund Walmart #4957,1376.2,2024-02-05
Deposit BestBuy #4602,1494.74,2024-03-02
Withdrawal BestBuy #8180,1120.25,2024-01-06
Pmt Amazon #9579,1362.12,2024-02-07
Deposit Apple #7034,1231.23,2024-03-30
Invoice Apple #2014,632.31,2024-02-24
Invoice Google #1434,860.52,2024-02-24
Pmt Amazon #6683,62.05,2024-01-17
Transfer BestBuy #1839,1972.38,2024-02-15
Withdrawal Apple #7219,1014.5,2024-02-22
Transfer Apple #7118,583.72,2024-01-25
Deposit Walmart #8687,178.06,2024-01-26
Transfer Google #6518,144.43,2024-02-25
Invoice Google #1918,1706.13,2024-01-14
ACH Transfer Apple #6852,1234.52,2024-03-26
Transfer Shell #1619,1103.21,2024-01-09
ACH Transfer Amazon #8845,978.72,2024-02-26
Refund Starbucks #4440,1812.22,2024-02-28
Withdrawal Uber #8344,1391.63,2024-03-10
Deposit BestBuy #3947,1703.32,2024-02-20
Deposit Shell #7909,1573.25,2024-03-08
Deposit BestBuy #2957,198.35,2024-01-18
Pmt BestBuy #3672,474.33,2024-03-08
Invoice Google #8675,561.36,2024-03-29
Withdrawal Apple #3173,134.61,2024-01-23
Pmt Google #9447,1636.57,2024-03-18
Invoice Amazon #6059,1299.89,2024-03-01
Invoice BestBuy #4139,1298.39,2024-01-27
Payment Google #9435,1090.27,2024-02-16
Deposit Costco #7408,54.52,2024-03-14
ACH Transfer Walmart #6334,46.15,2024-01-26
Invoice Starbucks #4649,1996.42,2024-03-07
Withdrawal Walmart #6325,515.49,2024-02-03
Pmt Shell #6245,1958.23,2024-03-05
Refund Netflix #8318,602.14,2024-02-10
Deposit Shell #9609,144.37,2024-03-11
Refund Costco #3777,718.35,2024-01-20
Payment Shell #8965,1231.92,2024-03-20
Transfer Google #5265,856.97,2024-02-04
Refund Amazon #8877,227.07,2024-01-08
Refund Starbucks #8892,546.32,2024-02-07
Refund BestBuy #5803,1521.96,2024-01-14
Withdrawal Netflix #5647,862.15,2024-03-13
Transfer Google #1997,358.11,2024-01-10
Payment Costco #5031,69.77,2024-02-02
Refund Uber #1361,611.35,2024-01-01
Withdrawal Uber #9508,1780.21,2024-03-20
Deposit Starbucks #3827,1825.41,2024-01-25
ACH Transfer Netflix #4828,1931.4,2024-01-31
Payment Google #7665,899.56,2024-03-22
ACH Transfer Starbucks #3419,1928.28,2024-01-12
ACH Transfer Shell #3695,987.77,2024-01-07
Invoice Walmart #7705,735.59,2024-03-12
ACH Transfer Shell #8479,1896.86,2024-01-20
Pmt Apple #4858,1127.63,2024-03-04
Invoice Apple #8402,685.34,2024-01-10
ACH Transfer BestBuy #1434,1648.13,2024-03-24
Payment Uber #9908,1538.58,2024-03-31
Refund Apple #3591,390.59,2024-03-01
Refund BestBuy #1729,168.51,2024-01-13
Refund Uber #9101,1119.43,2024-02-02
Deposit Amazon #5174,676.2,2024-01-06
Invoice Uber #3686,1078.83,2024-03-04
ACH Transfer Apple #7313,1511.27,2024-02-20
Transfer BestBuy #4318,1303.68,2024-01-02
Deposit Apple #3840,888.98,2024-02-05
Deposit Starbucks #6137,1867.81,2024-01-20
Transfer Amazon #7196,563.53,2024-01-04
Transfer Costco #6460,783.35,2024-02-21
Deposit Costco #3546,47.18,2024-02-02
Pmt Shell #2136,1907.91,2024-01-27
Payment Apple #9400,620.65,2024-03-27
Invoice Walmart #9203,1699.32,2024-03-14
Pmt Walmart #7546,1718.6,2024-03-07
Refund Shell #2369,1677.46,2024-02-22
Deposit Uber #5010,441.48,2024-03-04
Withdrawal Shell #9637,1575.12,2024-01-02
Transfer BestBuy #4930,1461.72,2024-02-18
Invoice Netflix #2896,305.38,2024-02-24
Payment Google #2410,1761.89,2024-01-04
Refund Costco #6319,1160.76,2024-01-30
Refund Shell #1942,1988.66,2024-01-21
Withdrawal Netflix #5434,195.34,2024-01-18
ACH Transfer Amazon #1502,379.73,2024-01-02
Transfer Uber #7549,1763.8,2024-03-27
Deposit Shell #5995,1686.49,2024-03-15
Transfer Uber #8939,328.33,2024-03-02
Transfer Shell #3134,544.22,2024-03-09
Withdrawal Amazon #4920,1207.34,2024-03-22
Refund Netflix #1333,841.47,2024-03-06
ACH Transfer Apple #6912,592.79,2024-01-12
Transfer Shell #7751,1182.1,2024-01-11
ACH Transfer Amazon #6115,206.67,2024-02-20
Deposit Netflix #2271,1618.73,2024-03-02
Transfer Uber #7871,379.91,2024-01-05
Withdrawal Google #1634,1701.2,2024-01-02
Payment Uber #5753,300.44,2024-03-17
Transfer Google #2128,286.53,2024-01-25
Transfer Netflix #2489,1512.92,2024-01-20
Deposit Google #9648,10.99,2024-03-29
Pmt Netflix #1216,790.84,2024-02-17
ACH Transfer Amazon #1704,1053.0,2024-01-02
Refund Costco #5951,1532.68,2024-02-20
Invoice Starbucks #5819,1361.38,2024-01-28
ACH Transfer Google #2348,447.37,2024-03-02
Deposit Netflix #8819,1177.97,2024-03-30
Invoice Amazon #5469,1939.96,2024-02-01
Withdrawal Costco #6734,1193.07,2024-03-01
Pmt Uber #9040,194.48,2024-02-19
Transfer BestBuy #7227,1515.03,2024-02-19
Transfer Uber #7109,1600.03,2024-03-02
Deposit Walmart #1640,1625.78,2024-03-16
Invoice Netflix #2750,1651.46,2024-01-09
Withdrawal Google #2596,426.49,2024-03-17
Transfer Walmart #5431,601.48,2024-03-19
Deposit Uber #4448,1646.63,2024-02-28
ACH Transfer Amazon #4618,1376.55,2024-02-23
Withdrawal Uber #2256,915.23,2024-03-02
Deposit Uber #3224,1536.28,2024-02-23
ACH Transfer Costco #2657,200.63,2024-02-09
Refund Shell #2862,373.42,2024-03-30
Deposit Google #8182,989.24,2024-03-17
Invoice Google #5119,753.09,2024-02-18
Transfer Shell #6000,1540.99,2024-01-23
Payment Netflix #7302,220.57,2024-03-18
Deposit Apple #2930,1015.58,2024-03-26
Payment Starbucks #6276,100.53,2024-01-22
Payment Uber #3261,979.99,2024-01-13
Payment Amazon #6053,817.56,2024-02-23
Pmt Uber #2940,1994.59,2024-02-21
Invoice Apple #9778,1928.48,2024-01-05
Deposit Netflix #1990,1797.21,2024-02-01
Refund Amazon #9711,1358.74,2024-01-04
Deposit Costco #4229,1327.82,2024-02-27
Withdrawal Apple #1904,284.94,2024-02-01
Invoice Apple #9391,1317.28,2024-01-05
Invoice Amazon #5330,794.56,2024-02-24
Withdrawal Uber #7397,962.13,2024-01-07
Payment Shell #1444,1715.28,2024-02-29
ACH Transfer Starbucks #8755,1663.53,2024-03-06
Payment Amazon #2623,983.34,2024-02-01
Deposit Google #8544,159.62,2024-01-19
Transfer Netflix #2299,816.28,2024-03-09
ACH Transfer Netflix #5077,370.8,2024-03-25
Refund Starbucks #9713,480.92,2024-02-11
Transfer Apple #4919,1973.61,2024-03-19
Invoice Walmart #2140,611.23,2024-02-11
ACH Transfer Costco #1056,1925.79,2024-02-24
Transfer Costco #6131,529.87,2024-01-26
Transfer Uber #9087,266.69,2024-03-02
Withdrawal Uber #5388,956.42,2024-02-18
Refund Amazon #5512,23.46,2024-02-28
Invoice Netflix #2076,33.56,2024-03-12
Invoice Netflix #3411,1674.08,2024-02-25
Pmt Google #5313,1925.06,2024-03-10
Refund Costco #5657,1590.82,2024-01-15
Withdrawal BestBuy #3421,471.86,2024-03-09
ACH Transfer Google #4019,641.64,2024-03-23
Deposit BestBuy #2414,315.34,2024-03-16
ACH Transfer Costco #2114,699.05,2024-03-07
ACH Transfer Google #2964,1523.79,2024-01-07
Refund Starbucks #9076,612.62,2024-02-02
Pmt BestBuy #2070,493.11,2024-01-20
Transfer Google #6611,1971.03,2024-03-09
Transfer Walmart #5200,89.53,2024-01-21
Invoice Starbucks #7202,1439.46,2024-03-09
Transfer Costco #3066,128.08,2024-02-01
Withdrawal Apple #8334,576.69,2024-02-04
Payment Costco #3980,1926.31,2024-02-22
ACH Transfer Uber #8191,737.17,2024-01-03
Payment Netflix #3758,1156.02,2024-02-13
Deposit Shell #4775,739.27,2024-02-14
Deposit Shell #8800,1765.11,2024-02-21
Refund Walmart #3399,1702.48,2024-03-18
Invoice Costco #4743,1777.68,2024-01-17
Withdrawal BestBuy #7279,1579.09,2024-03-08
Deposit Walmart #3966,1470.34,2024-02-16
Deposit Apple #4037,1378.16,2024-01-26
Pmt Shell #7928,1075.71,2024-03-01
Refund Starbucks #9052,1611.74,2024-03-26
Payment Amazon #5653,655.45,2024-02-16
Transfer Shell #1141,329.61,2024-03-01
ACH Transfer BestBuy #7207,418.67,2024-02-09
Transfer Amazon #2079,1510.01,2024-02-03
Invoice Shell #7478,1926.6,2024-02-24
Refund Shell #5725,1164.03,2024-03-26
Withdrawal Apple #3084,1021.42,2024-01-07
Deposit Walmart #3493,1146.75,2024-03-27
Withdrawal Netflix #3299,161.13,2024-03-21
Payment BestBuy #4919,307.05,2024-02-27
Invoice BestBuy #2741,1535.07,2024-03-02
Invoice Walmart #2836,111.46,2024-01-09
Payment Apple #5577,1158.02,2024-02-21
Invoice Google #6710,1386.44,2024-02-18
Pmt Costco #8601,375.63,2024-03-02
Invoice Walmart #1615,1547.15,2024-03-31
Transfer BestBuy #7199,1467.31,2024-02-03
Deposit Uber #3356,1660.13,2024-02-25
Withdrawal Netflix #9276,636.15,2024-01-10
Invoice Apple #6201,432.38,2024-02-10
Invoice Starbucks #5395,950.37,2024-01-27
Invoice Walmart #1742,1676.81,2024-03-28
Pmt Apple #2104,89.37,2024-03-20
Invoice Walmart #3529,622.92,2024-03-28
Deposit Apple #2821,1957.48,2024-03-31
ACH Transfer Starbucks #9621,1565.15,2024-01-21
Transfer Walmart #6257,1271.23,2024-03-14
Withdrawal Starbucks #3457,1842.15,2024-02-26
Deposit Walmart #4983,1197.32,2024-03-24
Refund BestBuy #9926,1936.18,2024-01-19
ACH Transfer Walmart #3769,1623.77,2024-02-14
Invoice Netflix #5581,1982.11,2024-03-30
Withdrawal Shell #5136,1828.01,2024-03-19
Payment Walmart #9552,25.32,2024-01-25
Payment Amazon #5192,1782.65,2024-02-25
ACH Transfer BestBuy #8119,1014.65,2024-02-17
Invoice Netflix #6295,1676.05,2024-03-19
Transfer BestBuy #5388,375.0,2024-03-26
Withdrawal Amazon #2872,1281.77,2024-01-21
Refund BestBuy #9587,282.74,2024-03-26
Payment Shell #5568,50.68,2024-01-13
Pmt Walmart #1218,1610.06,2024-02-07
Withdrawal BestBuy #3960,1972.25,2024-02-19
Payment Costco #3191,1304.25,2024-02-18
Payment Uber #3847,1643.66,2024-03-23
Deposit Netflix #4047,1002.44,2024-03-24
Refund Costco #9542,518.67,2024-03-02
Invoice Apple #4718,1726.99,2024-02-28
Deposit Walmart #9369,1575.95,2024-02-09
Deposit Shell #4956,236.7,2024-01-18
Withdrawal Netflix #1424,1221.35,2024-03-05
Withdrawal Apple #4934,1558.55,2024-03-26
Refund Shell #1202,210.72,2024-03-11
Pmt Costco #7183,468.79,2024-01-30
Transfer Amazon #1028,1518.69,2024-01-09
ACH Transfer Walmart #7131,697.16,2024-02-07
Invoice Starbucks #3429,847.7,2024-02-11
Deposit Uber #6579,1863.55,2024-01-19
Refund Google #3218,828.04,2024-03-31
Withdrawal Amazon #6364,1333.96,2024-02-22
Deposit Costco #8878,293.38,2024-03-11
Withdrawal Costco #2052,1825.81,2024-01-29
ACH Transfer Amazon #5594,1488.01,2024-02-26
Invoice Walmart #2422,812.06,2024-01-08
Refund Starbucks #5128,732.28,2024-03-30
Deposit Apple #8634,572.67,2024-03-06
Deposit BestBuy #4600,1440.44,2024-03-10
ACH Transfer Walmart #3606,1864.52,2024-01-24
Transfer Costco #1162,1335.83,2024-02-19
Refund Shell #4278,1744.69,2024-01-08
Invoice Apple #2675,608.88,2024-01-18
Refund Apple #3990,880.44,2024-03-29
Withdrawal Apple #2823,312.92,2024-01-17
Transfer Netflix #7402,129.1,2024-03-21
Pmt Costco #1418,1874.03,2024-03-12
ACH Transfer Starbucks #7681,392.4,2024-02-17
Invoice Amazon #2552,1915.28,2024-03-09
ACH Transfer BestBuy #2019,1449.95,2024-03-11
Invoice Netflix #9029,1459.42,2024-01-12
Withdrawal Uber #5570,1242.85,2024-04-01
Refund Starbucks #5973,1800.22,2024-01-02
Withdrawal Amazon #4192,612.48,2024-03-22
Invoice Walmart #1929,1050.26,2024-02-19
ACH Transfer Apple #4745,1376.24,2024-03-14
Pmt Apple #1041,1722.25,2024-03-30
Transfer Shell #2378,230.62,2024-02-02
Deposit BestBuy #8835,1170.88,2024-01-19
Deposit Netflix #9233,635.12,2024-02-03
Invoice Google #9397,1252.65,2024-02-20
Payment Shell #6405,1802.35,2024-02-09
ACH Transfer Apple #9695,888.16,2024-01-15
ACH Transfer Apple #1250,927.14,2024-03-29
Withdrawal Uber #3735,1222.02,2024-03-26
ACH Transfer Walmart #2471,1325.75,2024-01-29
Pmt Uber #7974,1221.87,2024-01-02
Withdrawal Apple #7786,1800.18,2024-01-19
Withdrawal Google #1481,692.09,2024-01-04
Pmt Shell #2465,1305.77,2024-03-10
Invoice Walmart #2469,855.47,2024-03-19
Invoice Apple #3973,1242.53,2024-03-01
Transfer Shell #8065,1286.98,2024-02-04
Transfer Apple #1802,1042.59,2024-03-29
Transfer Walmart #5029,812.43,2024-01-28
Deposit Amazon #5912,788.84,2024-03-01
ACH Transfer Apple #8029,670.08,2024-01-30
Withdrawal Shell #3762,293.64,2024-03-05
Payment Amazon #6985,661.57,2024-03-13
Withdrawal Uber #5511,1263.94,2024-02-14
Pmt Costco #4899,328.43,2024-01-14
Transfer Shell #2580,202.05,2024-03-08
Invoice BestBuy #7172,149.33,2024-03-21
Pmt Walmart #1230,1880.05,2024-03-08
Invoice Walmart #8544,1316.29,2024-01-04
Payment BestBuy #3873,568.34,2024-02-23
ACH Transfer Google #8266,1817.35,2024-02-13
Withdrawal Shell #2962,1020.48,2024-02-21
Transfer Apple #1958,978.97,2024-03-24
Invoice Starbucks #2333,1728.05,2024-03-28
Transfer Google #2091,635.41,2024-01-05
Refund Walmart #1732,937.35,2024-03-17
ACH Transfer Shell #9374,791.91,2024-03-25
ACH Transfer Apple #4013,1751.63,2024-01-25
Deposit Apple #5076,1842.62,2024-03-19
Transfer Amazon #1635,908.13,2024-03-20
Refund Netflix #2978,1099.45,2024-02-14
Pmt Costco #2707,1195.42,2024-03-15
Payment Starbucks #8948,62.47,2024-03-08
Invoice Shell #2726,867.91,2024-03-06
Transfer Google #2176,928.63,2024-02-27
Payment Shell #4702,1460.16,2024-03-31
Deposit Google #4215,110.85,2024-01-31
Payment Uber #2312,1369.97,2024-02-12
ACH Transfer Netflix #7896,401.56,2024-01-20
ACH Transfer Google #7960,1333.67,2024-02-06
Pmt Uber #6739,1566.58,2024-01-20
Payment BestBuy #4557,1769.38,2024-01-14
Pmt Walmart #1019,1715.51,2024-03-18
Transfer Apple #4746,429.3,2024-01-11
Withdrawal Shell #4238,1707.24,2024-03-18
Invoice Apple #2170,1533.35,2024-02-09
ACH Transfer Google #3218,1969.08,2024-01-30
Deposit Netflix #9292,1104.76,2024-01-13
Withdrawal Shell #2042,340.5,2024-02-16
Withdrawal Shell #5135,473.21,2024-02-01
Pmt Starbucks #7454,1824.53,2024-02-10
Pmt Google #3975,1852.71,2024-02-01
Transfer Netflix #8030,1422.33,2024-01-02
Refund Uber #1285,192.86,2024-02-15
Deposit Starbucks #2314,425.45,2024-03-28
Payment Walmart #1488,1849.36,2024-03-24
Deposit Amazon #5752,656.55,2024-01-23
Deposit Walmart #6504,410.45,2024-01-10
Withdrawal Apple #3579,420.83,2024-01-16
ACH Transfer Apple #3169,303.48,2024-02-20
ACH Transfer Google #7547,866.82,2024-02-04
Invoice Costco #5483,824.35,2024-03-23
Transfer Starbucks #4368,1536.1,2024-02-03
Payment Walmart #4895,1789.76,2024-03-28
Payment Walmart #7689,1357.67,2024-02-02
Transfer Netflix #8455,144.07,2024-01-18
Withdrawal Uber #7659,25.53,2024-01-13
Refund Starbucks #8453,1208.06,2024-01-28
Withdrawal Walmart #3218,901.81,2024-01-31
ACH Transfer Netflix #4121,796.25,2024-01-26
Transfer Netflix #3115,297.28,2024-02-09
Withdrawal Amazon #7658,1147.04,2024-01-31
ACH Transfer Netflix #9253,46.91,2024-01-16
Refund Starbucks #4378,421.44,2024-02-09
Invoice Uber #2861,1818.74,2024-01-19
Transfer Costco #3158,637.65,2024-01-08
Transfer Walmart #5137,317.53,2024-02-01
Withdrawal Google #2880,1387.18,2024-01-03
Invoice Netflix #3973,259.59,2024-03-24
Transfer Uber #5825,118.06,2024-01-28
Transfer Costco #5529,259.92,2024-01-02
Payment Starbucks #7098,677.47,2024-01-08
ACH Transfer Google #4490,826.43,2024-03-30
Payment Starbucks #4767,151.85,2024-02-20
Refund Amazon #8018,908.75,2024-01-23
Transfer Starbucks #5961,129.65,2024-03-17
Transfer Costco #9390,1029.78,2024-02-10
Withdrawal Uber #4419,1273.95,2024-01-03
Payment Amazon #2425,130.9,2024-01-18
Invoice Uber #7092,1216.96,2024-02-10
Transfer Costco #4151,282.76,2024-02-06
ACH Transfer Google #3772,581.11,2024-03-18
Refund Shell #8979,304.68,2024-01-19
Withdrawal Shell #6055,1241.48,2024-02-04
Payment Netflix #6308,1645.51,2024-03-14
Withdrawal Uber #1359,199.94,2024-01-07
Refund Uber #3673,1481.53,2024-02-04
Deposit Google #3550,1195.12,2024-01-23
Deposit Costco #3257,1202.0,2024-03-16
Invoice Netflix #1933,1302.05,2024-02-01
Pmt BestBuy #5772,1929.12,2024-03-09
Pmt Starbucks #6566,1915.56,2024-01-08
Invoice Walmart #6969,798.84,2024-02-09
Transfer Amazon #6999,1477.03,2024-03-10
ACH Transfer Netflix #8456,1343.09,2024-01-24
Withdrawal BestBuy #7984,494.53,2024-01-04
ACH Transfer Netflix #9044,1543.95,2024-03-06
ACH Transfer Uber #4441,1525.58,2024-01-09
Transfer BestBuy #9925,809.15,2024-02-21
ACH Transfer BestBuy #2903,200.75,2024-03-05
ACH Transfer Costco #7493,1054.18,2024-03-16
ACH Transfer Google #2236,1194.95,2024-03-22
Invoice BestBuy #1035,894.4,2024-03-02
Payment Uber #9796,110.98,2024-03-20
Invoice Amazon #3389,1982.13,2024-03-20
Withdrawal Apple #1792,1940.41,2024-01-15
Deposit BestBuy #8234,774.3,2024-03-20
Deposit Apple #5411,1665.28,2024-01-20
Deposit Walmart #6970,768.12,2024-02-27
Invoice Costco #4356,539.26,2024-03-01
Withdrawal Amazon #2213,1426.66,2024-03-27
Refund Google #8819,1135.73,2024-03-06
ACH Transfer Walmart #3732,915.22,2024-01-26
Refund Walmart #8143,31.49,2024-03-21
Payment Netflix #2542,1428.83,2024-03-03
Withdrawal Uber #5355,1143.85,2024-02-16
Invoice BestBuy #4185,511.29,2024-01-06
Refund Amazon #6984,1031.32,2024-03-13
Invoice Netflix #7690,870.15,2024-02-02
Withdrawal Amazon #3860,285.3,2024-01-24
Deposit Walmart #3927,1257.87,2024-01-06
Withdrawal Apple #5671,1082.69,2024-03-10
Deposit Starbucks #4923,518.97,2024-03-13
Refund Amazon #8414,1570.59,2024-02-13
Refund Shell #5383,493.09,2024-02-21
ACH Transfer BestBuy #6062,693.88,2024-02-06
Deposit Amazon #1901,1190.98,2024-02-29
Deposit Netflix #4216,699.6,2024-03-20
Pmt Costco #5689,25.06,2024-02-15
Transfer Apple #5147,767.43,2024-01-21
Transfer Walmart #4376,1336.85,2024-03-16
Deposit Costco #1378,841.16,2024-01-20
Deposit Walmart #1654,820.58,2024-03-07
Invoice Costco #1514,165.46,2024-01-02
Payment Amazon #8993,456.31,2024-02-02
Withdrawal Starbucks #2892,1126.57,2024-01-20
ACH Transfer Walmart #3888,1892.53,2024-02-21
Deposit Shell #2260,1118.15,2024-01-06
ACH Transfer Starbucks #9544,1356.49,2024-03-30
Transfer Amazon #1185,1613.53,2024-01-24
Withdrawal Google #8527,1505.61,2024-02-29
Withdrawal Shell #6021,939.15,2024-01-05
Deposit BestBuy #3644,839.3,2024-03-16
Transfer Starbucks #2750,1440.5,2024-01-21
Refund Uber #1756,208.31,2024-02-01
Transfer Apple #2942,1798.74,2024-01-21
Transfer Uber #3775,385.42,2024-03-15
Withdrawal Amazon #9650,192.56,2024-03-14
Payment Uber #9324,1177.3,2024-04-01
Transfer Uber #4521,865.42,2024-03-11
ACH Transfer Google #8372,1550.67,2024-03-27
Invoice Costco #2478,1004.06,2024-03-09
Transfer Amazon #9572,224.77,2024-03-04
Refund Walmart #2275,1871.34,2024-02-15
Refund Uber #4548,1587.64,2024-03-04
Refund Apple #6669,937.5,2024-02-26
Payment Google #4989,157.14,2024-03-15
Deposit BestBuy #9241,1417.61,2024-01-24
Invoice Starbucks #2131,1124.18,2024-02-28
Transfer Walmart #3603,1300.48,2024-03-20
Transfer Uber #6020,855.38,2024-01-31
Payment Google #9743,93.52,2024-02-25
Payment Shell #1380,1689.71,2024-02-14
Deposit Apple #6643,46.58,2024-01-10
Payment Apple #9849,1143.97,2024-03-11
ACH Transfer Costco #8886,1116.19,2024-02-23
Deposit Costco #9500,606.31,2024-01-07
ACH Transfer Starbucks #6179,538.9,2024-03-26
Deposit Google #2029,1831.28,2024-02-24
Transfer Apple #2080,81.04,2024-01-28
Deposit Amazon #2922,1036.38,2024-03-27
Invoice Walmart #7665,1362.28,2024-03-13
Refund BestBuy #3949,1209.96,2024-02-11
Payment Starbucks #1005,1680.45,2024-02-23
Deposit Uber #1557,257.53,2024-02-13
Payment Starbucks #5578,1942.8,2024-01-02
Refund Apple #7805,1259.47,2024-02-25
Deposit Google #9249,1242.84,2024-01-14
Payment BestBuy #4427,1811.76,2024-03-24
Deposit Costco #2823,926.57,2024-02-22
Refund Walmart #4682,246.08,2024-03-13
Deposit BestBuy #2321,1839.86,2024-02-22
ACH Transfer Amazon #7716,266.8,2024-02-04
Pmt BestBuy #7635,858.18,2024-03-19
ACH Transfer Costco #3015,634.74,2024-01-09
Deposit Apple #2189,1262.09,2024-01-28
Transfer Netflix #6799,480.55,2024-01-04
ACH Transfer Amazon #2329,1910.05,2024-01-16
Invoice BestBuy #4424,1567.86,2024-02-16
Transfer BestBuy #9236,1073.18,2024-01-02
Deposit Costco #4943,1297.51,2024-01-29
Transfer Apple #8867,1957.31,2024-02-16
Invoice Netflix #6522,1202.18,2024-02-15
Withdrawal Apple #1189,1919.21,2024-01-01
Deposit Costco #6370,1133.97,2024-03-23
ACH Transfer Amazon #2446,71.74,2024-03-25
Payment Shell #9759,1973.87,2024-03-19
Refund Apple #1702,631.49,2024-01-09
Invoice Amazon #3744,418.42,2024-01-05
Withdrawal Uber #4464,115.09,2024-02-29
Withdrawal Google #7201,1054.34,2024-02-12
Refund Amazon #5827,466.72,2024-01-09
Invoice Shell #2368,254.16,2024-01-18
Transfer Google #8311,668.84,2024-03-19
ACH Transfer Apple #4228,1942.5,2024-02-04
Payment Netflix #7261,1357.21,2024-03-12
Withdrawal Uber #7988,271.37,2024-03-13
Deposit Google #3474,117.15,2024-03-08
ACH Transfer Netflix #4523,26.92,2024-01-28
Withdrawal Amazon #1446,1716.45,2024-02-23
Refund Shell #7017,1879.7,2024-03-22
Withdrawal Walmart #6149,1216.14,2024-02-05
Transfer Google #2928,1620.68,2024-01-12
Deposit Netflix #7031,1003.9,2024-03-18
ACH Transfer Netflix #5535,1676.01,2024-02-18
Deposit Apple #4294,1506.02,2024-02-12
Invoice Uber #4685,974.38,2024-01-24
Invoice Google #4158,285.04,2024-03-18
Withdrawal Apple #5574,1826.05,2024-03-28
Withdrawal Shell #8791,170.83,2024-03-20
ACH Transfer Walmart #1318,408.99,2024-03-01
Refund Google #5290,1660.05,2024-02-25
Invoice Amazon #1269,348.51,2024-03-25
Withdrawal Apple #7567,1969.61,2024-03-07
Payment BestBuy #5843,834.93,2024-03-23
ACH Transfer Shell #4963,1017.53,2024-03-29
Invoice Google #6569,1176.6,2024-01-28
Withdrawal Uber #9613,1562.27,2024-03-26
Transfer Apple #3072,1465.9,2024-01-15
Transfer Amazon #6704,833.59,2024-02-14
Deposit Uber #8697,234.72,2024-02-20
Transfer Google #6321,591.5,2024-01-27
Refund Apple #4819,1212.4,2024-01-15
Transfer Apple #5459,216.53,2024-03-09
Refund Amazon #9711,174.92,2024-01-08
Withdrawal Apple #4086,563.7,2024-01-05
Payment Netflix #2085,1089.05,2024-02-05
Deposit Walmart #9554,1386.05,2024-01-08
Transfer Walmart #3307,1147.83,2024-02-11
Transfer Shell #5820,1285.62,2024-02-07
Withdrawal Amazon #4970,529.67,2024-01-28
Deposit Google #2780,1716.63,2024-02-11
Transfer Starbucks #5360,1604.74,2024-03-17
Invoice Costco #7372,1387.16,2024-03-06
Invoice Shell #6548,872.79,2024-03-29
